gene,cds_start,geom_mean_cds,kozak_seq
Tap1,324,8.034,GCTCGATGG
Stx7,483,8.201,CAGCCATGT
Slc7a2,307,7.5566,CTAGAATGC
Stau1,325,8.2083,AACCAATGT
Stxbp1,146,8.609,ACGCCATGG
Abcc1,21,8.0781,CCCGCATGG
Tfg,312,7.7529,CCACAATGA
Arf5,85,8.6047,CCGCCATGG
Ccdc88b,72,8.6455,CCAACATGG
Slc25a22,460,8.5572,TGTAAATGG
Rcsd1,198,8.3933,AGGACATGG
Stx11,400,9.1418,GCAAAATGA
Stxbp3,34,8.7107,GGAAGATGG
Lrrc8c,235,8.3422,GAAACATGA
Sec31a,153,8.1428,CCAGAATGA
Gripap1,34,8.8821,GGAACATGG
Dennd1a,255,7.5533,GGACCATGG
Ift20,447,9.5525,CAGCTATGG
Slc2a6,93,7.5044,TGGCCATGC
Fyttd1,110,7.5537,CAGTCATGA
Slco3a1,190,8.3105,GAAGGATGC
Golga5,260,7.9893,CCATCATGT
Clic4,171,8.3317,CGGCCATGG
Vamp3,78,8.0882,CCAAAATGT
M6pr,414,7.9825,GGGAGATGG
Ehd3,402,8.3923,TCACAATGT
Tmsb10,231,9.689,AGAAAATGG
Fth1,224,8.8702,CCACCATGA
Washc2,95,8.1609,TCGTGATGA
Slc2a1,151,7.8208,CGGCCATGG
Rab43,235,9.1725,GAGCCATGG
Pdzd11,139,8.1122,CTGAAATGG
Pex7,101,7.9008,GCGGAATGA
Tnfaip2,38,8.7957,GGGTGATGC
Stx12,93,8.1281,CTGTCATGT
Sarnp,172,8.75,TCAAGATGG
Slc15a3,477,7.6913,CCAGGATGT
Stard3,141,7.788,CCAGGATGA
Clic5,327,8.8642,ACGGCATGA
Tap2,153,8.3714,CCACCATGG
Whamm,57,8.3349,CTGCCATGG
Slc16a3,105,8.023,TGGCTATGG
Picalm,312,7.6407,CAGAGATGT
Kpna4,292,7.7097,CGGCCATGG
Vamp8,191,8.1415,GAGACATGG
Slc28a2,756,7.9792,AAGATATGG
Slc4a7,208,7.7031,GGGCCATGG
Pxk,104,8.3862,CCGGGATGG
Dlg4,315,8.0462,CCAACATGG
Ranbp3,165,8.2502,GTAAAATGG
M6pr,414,7.9825,GGGAGATGG
Tbc1d13,131,8.4619,ACACCATGT
Slc30a1,226,8.8087,CCGCCATGG
Arrdc2,319,8.0924,CCGCAATGC
Vamp2,98,8.1566,CCGCCATGT
Ric1,241,7.8547,GGACCATGT
Zc3h11a,417,8.2606,CCAGTATGC
Mff,344,7.4426,CTGAGATGG
Rab12,44,8.4929,CCGGGATGC
Rab11fip1,61,8.0539,CCACCATGT
Atp13a2,146,8.2467,CCGAAATGA
Bnip3,113,7.9812,CCACCATGT
Sec24b,12,7.6074,CCGTCATGT
Fyb1,101,8.3677,CCCTCATGG
Arf4,286,7.8837,CCGCTATGG
Chmp4b,153,9.2798,CAACCATGT
Cog3,62,8.1597,CGGAGATGG
Rab20,141,9.15,CGGCTATGC
Copz1,36,7.9099,GCAAGATGG
Gda,77,7.7614,TCCCGATGG
Synj1,233,7.7903,GCGCAATGC
Kpna3,156,7.7765,CAGCCATGG
Snx18,169,8.6121,GGACCATGG
Use1,18,8.7085,CTAAGATGG
Plin2,76,8.4969,AAAAAATGG
Arfgap2,218,8.2373,AGAAAATGG
Snap23,152,8.8402,TCACCATGG
Kxd1,142,7.7184,AAGAGATGG
Arfgap3,98,8.4252,TGACTATGG
Rab11a,133,8.1767,GCGCCATGG
Itsn1,261,8.4619,GAACCATGG
Atp7a,189,8.0587,CGACTATGG
Arl1,147,7.7621,TCATCATGG
Slc11a1,92,7.8458,TCCTCATGA
Poldip3,125,7.9609,GCAAGATGG
Ist1,126,8.3223,ACAACATGC
Chmp2a,322,8.6062,CCACCATGG
Abcc5,199,8.0847,TGAAGATGA
Sh3gl1,178,9.0842,GCGGCATGT
Zfand2b,117,8.9379,AGGCGATGG
Kif1c,370,8.1646,AAGCTATGG
Gramd1a,268,7.9251,CATCCATGT
Nup35,81,7.4998,TTGCGATGG
Gas7,104,8.886,AAGAGATGG
Rab10,551,8.4914,TCCCAATGG
Slc66a2,232,7.8187,TGGCGATGG
Abca1,320,8.087,GTGACATGG
Scfd1,72,8.0167,AGTGGATGG
Ehd1,79,8.7091,GCATCATGT
Tm9sf4,256,7.9599,CCAAGATGG
Scamp3,201,7.9707,CAAACATGG
Rab3ip,224,8.4515,TTGCTATGG
Mertk,135,7.904,GATTGATGG
Plcl2,61,8.387,CGCCCATGG
Slc9a3r1,185,8.875,ACAAGATGA
